time,x,y,Z,,
1,1,1,100.995,,100.995
2,2,2,101.9800007,,101.9800007
3,3,3,102.9550034,,102.9550034
4,4,4,103.9200107,,103.9200107
5,5,5,104.875026,,104.875026
6,6,6,105.820054,,105.820054
7,7,7,106.7551,,106.7551
8,8,8,107.6801706,,107.6801706
9,9,9,108.5952733,,108.5952733
10,10,10,109.5004165,,109.5004165
11,11,11,110.3956098,,110.3956098
12,12,12,111.2808636,,111.2808636
13,13,13,112.1561894,,112.1561894
14,14,14,113.0215996,,113.0215996
15,15,15,113.8771078,,113.8771078
16,16,16,114.7227283,,114.7227283
17,17,17,115.5584767,,115.5584767
18,18,18,116.3843693,,116.3843693
19,19,19,117.2004235,,117.2004235
20,20,20,118.0066578,,118.0066578
21,21,21,118.8030915,,118.8030915
22,22,22,119.5897449,,119.5897449
23,23,23,120.3666395,,120.3666395
24,24,24,121.1337975,,121.1337975
25,25,25,121.8912422,,121.8912422
26,26,26,122.6389978,,122.6389978
27,27,27,123.3770896,,123.3770896
28,28,28,124.1055438,,124.1055438
29,29,29,124.8243876,,124.8243876
30,30,30,125.5336489,,125.5336489
31,31,31,126.233357,,126.233357
32,32,32,126.9235418,,126.9235418
33,33,33,127.6042344,,127.6042344
34,34,34,128.2754666,,128.2754666
35,35,35,128.9372713,,128.9372713
36,36,36,129.5896824,,129.5896824
37,37,37,130.2327346,,130.2327346
38,38,38,130.8664636,,130.8664636
39,39,39,131.490906,,131.490906
40,40,40,132.1060994,,132.1060994
41,41,41,132.7120823,,132.7120823
42,42,42,133.308894,,133.308894
43,43,43,133.896575,,133.896575
44,44,44,134.4751663,,134.4751663
45,45,45,135.0447102,,135.0447102
46,46,46,135.6052498,,135.6052498
47,47,47,136.1568288,,136.1568288
48,48,48,136.6994923,,136.6994923
49,49,49,137.2332859,,137.2332859
50,50,50,137.7582562,,137.7582562
51,51,51,138.2744508,,138.2744508
52,52,52,138.781918,,138.781918
53,53,53,139.2807071,,139.2807071
54,54,54,139.7708681,,139.7708681
55,55,55,140.2524522,,140.2524522
56,56,56,140.7255111,,140.7255111
57,57,57,141.1900975,,141.1900975
58,58,58,141.646265,,141.646265
59,59,59,142.0940679,,142.0940679
60,60,60,142.5335615,,142.5335615
61,61,61,142.9648018,,142.9648018
62,62,62,143.3878457,,143.3878457
63,63,63,143.8027508,,143.8027508
64,64,64,144.2095758,,144.2095758
65,65,65,144.6083799,,144.6083799
66,66,66,144.9992231,,144.9992231
67,67,67,145.3821666,,145.3821666
68,68,68,145.7572719,,145.7572719
69,69,69,146.1246015,,146.1246015
70,70,70,146.4842187,,146.4842187
71,71,71,146.8361876,,146.8361876
72,72,72,147.1805729,,147.1805729
73,73,73,147.5174402,,147.5174402
74,74,74,147.8468559,,147.8468559
75,75,75,148.1688869,,148.1688869
76,76,76,148.4836011,,148.4836011
77,77,77,148.791067,,148.791067
78,78,78,149.0913538,,149.0913538
79,79,79,149.3845316,,149.3845316
80,80,80,149.6706709,,149.6706709
81,81,81,149.9498433,,149.9498433
82,82,82,150.2221207,,150.2221207
83,83,83,150.487576,,150.487576
84,84,84,150.7462826,,150.7462826
85,85,85,150.9983146,,150.9983146
86,86,86,151.2437468,,151.2437468
87,87,87,151.4826547,,151.4826547
88,88,88,151.7151144,,151.7151144
89,89,89,151.9412027,,151.9412027
90,90,90,152.1609968,,152.1609968
91,91,91,152.3745749,,152.3745749
92,92,92,152.5820157,,152.5820157
93,93,93,152.7833982,,152.7833982
94,94,94,152.9788025,,152.9788025
95,95,95,153.1683089,,153.1683089
96,96,96,153.3519986,,153.3519986
97,97,97,153.5299531,,153.5299531
98,98,98,153.7022547,,153.7022547
99,99,99,153.8689861,,153.8689861
100,100,100,154.0302306,,154.0302306
101,101,101,154.1860721,,154.1860721
102,102,102,154.3365951,,154.3365951
103,103,103,154.4818845,,154.4818845
104,104,104,154.6220257,,154.6220257
105,105,105,154.7571048,,154.7571048
106,106,106,154.8872082,,154.8872082
107,107,107,155.0124229,,155.0124229
108,108,108,155.1328364,,155.1328364
109,109,109,155.2485367,,155.2485367
110,110,110,155.3596121,,155.3596121
111,111,111,155.4661517,,155.4661517
112,112,112,155.5682446,,155.5682446
113,113,113,155.6659808,,155.6659808
114,114,114,155.7594504,,155.7594504
115,115,115,155.8487441,,155.8487441
116,116,116,155.9339529,,155.9339529
117,117,117,156.0151684,,156.0151684
118,118,118,156.0924824,,156.0924824
119,119,119,156.1659872,,156.1659872
120,120,120,156.2357754,,156.2357754
121,121,121,156.3019401,,156.3019401
122,122,122,156.3645746,,156.3645746
123,123,123,156.4237727,,156.4237727
124,124,124,156.4796284,,156.4796284
125,125,125,156.5322362,,156.5322362
126,126,126,156.5816908,,156.5816908
127,127,127,156.6280873,,156.6280873
128,128,128,156.671521,,156.671521
129,129,129,156.7120875,,156.7120875
130,130,130,156.7498829,,156.7498829
131,131,131,156.7850033,,156.7850033
132,132,132,156.8175452,,156.8175452
133,133,133,156.8476053,,156.8476053
134,134,134,156.8752808,,156.8752808
135,135,135,156.9006687,,156.9006687
136,136,136,156.9238666,,156.9238666
137,137,137,156.9449721,,156.9449721
138,138,138,156.9640831,,156.9640831
139,139,139,156.9812978,,156.9812978
140,140,140,156.9967143,,156.9967143
141,141,141,157.0104312,,157.0104312
142,142,142,157.022547,,157.022547
143,143,143,157.0331606,,157.0331606
144,144,144,157.0423709,,157.0423709
145,145,145,157.0502769,,157.0502769
146,146,146,157.056978,,157.056978
147,147,147,157.0625733,,157.0625733
148,148,148,157.0671624,,157.0671624
149,149,149,157.0708448,,157.0708448
150,150,150,157.0737202,,157.0737202
151,151,151,157.0758881,,157.0758881
152,152,152,157.0774485,,157.0774485
153,153,153,157.0785011,,157.0785011
154,154,154,157.0791459,,157.0791459
155,155,155,157.0794828,,157.0794828
156,156,156,157.0796117,,157.0796117
157,157,157,157.0796327,,157.0796327
158,158,158,157.0796457,,157.0796457
159,159,159,157.0797507,,157.0797507
160,160,160,157.0800478,,157.0800478
161,161,161,157.0806368,,157.0806368
162,162,162,157.0816178,,157.0816178
163,163,163,157.0830906,,157.0830906
164,164,164,157.0851551,,157.0851551
165,165,165,157.0879111,,157.0879111
166,166,166,157.0914583,,157.0914583
167,167,167,157.0958963,,157.0958963
168,168,168,157.1013248,,157.1013248
169,169,169,157.1078431,,157.1078431
170,170,170,157.1155506,,157.1155506
171,171,171,157.1245465,,157.1245465
172,172,172,157.13493,,157.13493
173,173,173,157.1467999,,157.1467999
174,174,174,157.1602552,,157.1602552
175,175,175,157.1753944,,157.1753944
176,176,176,157.1923161,,157.1923161
177,177,177,157.2111185,,157.2111185
178,178,178,157.2318998,,157.2318998
179,179,179,157.2547579,,157.2547579
180,180,180,157.2797905,,157.2797905
181,181,181,157.3070951,,157.3070951
182,182,182,157.336769,,157.336769
183,183,183,157.3689092,,157.3689092
184,184,184,157.4036124,,157.4036124
185,185,185,157.4409753,,157.4409753
186,186,186,157.4810941,,157.4810941
187,187,187,157.5240647,,157.5240647
188,188,188,157.5699829,,157.5699829
189,189,189,157.6189441,,157.6189441
190,190,190,157.6710433,,157.6710433
191,191,191,157.7263754,,157.7263754
192,192,192,157.7850349,,157.7850349
193,193,193,157.8471158,,157.8471158
194,194,194,157.912712,,157.912712
195,195,195,157.9819169,,157.9819169
196,196,196,158.0548235,,158.0548235
197,197,197,158.1315247,,158.1315247
198,198,198,158.2121126,,158.2121126
199,199,199,158.2966793,,158.2966793
200,200,200,158.3853163,,158.3853163
201,201,201,158.4781148,,158.4781148
202,202,202,158.5751654,,158.5751654
203,203,203,158.6765584,,158.6765584
204,204,204,158.7823838,,158.7823838
205,205,205,158.8927309,,158.8927309
206,206,206,159.0076886,,159.0076886
207,207,207,159.1273456,,159.1273456
208,208,208,159.2517898,,159.2517898
209,209,209,159.3811087,,159.3811087
210,210,210,159.5153895,,159.5153895
211,211,211,159.6547188,,159.6547188
212,212,212,159.7991825,,159.7991825
213,213,213,159.9488662,,159.9488662
214,214,214,160.1038551,,160.1038551
215,215,215,160.2642335,,160.2642335
216,216,216,160.4300854,,160.4300854
217,217,217,160.6014942,,160.6014942
218,218,218,160.7785429,,160.7785429
219,219,219,160.9613137,,160.9613137
220,220,220,161.1498883,,161.1498883
221,221,221,161.3443478,,161.3443478
222,222,222,161.5447729,,161.5447729
223,223,223,161.7512434,,161.7512434
224,224,224,161.9638388,,161.9638388
225,225,225,162.1826377,,162.1826377
226,226,226,162.4077183,,162.4077183
227,227,227,162.6391581,,162.6391581
228,228,228,162.8770339,,162.8770339
229,229,229,163.121422,,163.121422
230,230,230,163.3723979,,163.3723979
231,231,231,163.6300364,,163.6300364
232,232,232,163.8944119,,163.8944119
233,233,233,164.165598,,164.165598
234,234,234,164.4436674,,164.4436674
235,235,235,164.7286923,,164.7286923
236,236,236,165.0207444,,165.0207444
237,237,237,165.3198943,,165.3198943
238,238,238,165.6262121,,165.6262121
239,239,239,165.9397673,,165.9397673
240,240,240,166.2606284,,166.2606284
241,241,241,166.5888635,,166.5888635
242,242,242,166.9245395,,166.9245395
243,243,243,167.2677231,,167.2677231
244,244,244,167.6184798,,167.6184798
245,245,245,167.9768746,,167.9768746
246,246,246,168.3429716,,168.3429716
247,247,247,168.7168343,,168.7168343
248,248,248,169.0985253,,169.0985253
249,249,249,169.4881063,,169.4881063
250,250,250,169.8856384,,169.8856384
251,251,251,170.291182,,170.291182
252,252,252,170.7047963,,170.7047963
253,253,253,171.1265401,,171.1265401
254,254,254,171.5564711,,171.5564711
255,255,255,171.9946465,,171.9946465
256,256,256,172.4411223,,172.4411223
257,257,257,172.8959539,,172.8959539
258,258,258,173.3591959,,173.3591959
259,259,259,173.8309019,,173.8309019
260,260,260,174.3111247,,174.3111247
261,261,261,174.7999163,,174.7999163
262,262,262,175.2973279,,175.2973279
263,263,263,175.8034096,,175.8034096
264,264,264,176.318211,,176.318211
265,265,265,176.8417804,,176.8417804
266,266,266,177.3741656,,177.3741656
267,267,267,177.9154133,,177.9154133
268,268,268,178.4655694,,178.4655694
269,269,269,179.0246789,,179.0246789
270,270,270,179.5927858,,179.5927858
271,271,271,180.1699334,,180.1699334
272,272,272,180.7561639,,180.7561639
273,273,273,181.3515187,,181.3515187
274,274,274,181.9560382,,181.9560382
275,275,275,182.5697621,,182.5697621
276,276,276,183.192729,,183.192729
277,277,277,183.8249765,,183.8249765
278,278,278,184.4665414,,184.4665414
279,279,279,185.1174596,,185.1174596
280,280,280,185.7777659,,185.7777659
281,281,281,186.4474944,,186.4474944
282,282,282,187.1266781,,187.1266781
283,283,283,187.815349,,187.815349
284,284,284,188.5135384,,188.5135384
285,285,285,189.2212762,,189.2212762
286,286,286,189.9385919,,189.9385919
287,287,287,190.6655137,,190.6655137
288,288,288,191.4020688,,191.4020688
289,289,289,192.1482836,,192.1482836
290,290,290,192.9041835,,192.9041835
291,291,291,193.6697929,,193.6697929
292,292,292,194.4451352,,194.4451352
293,293,293,195.230233,,195.230233
294,294,294,196.0251076,,196.0251076
295,295,295,196.8297797,,196.8297797
296,296,296,197.6442687,,197.6442687
297,297,297,198.4685932,,198.4685932
298,298,298,199.3027707,,199.3027707
299,299,299,200.1468179,,200.1468179
300,300,300,201.0007503,,201.0007503
301,301,301,201.8645826,,201.8645826
302,302,302,202.7383283,,202.7383283
303,303,303,203.6220001,,203.6220001
304,304,304,204.5156097,,204.5156097
305,305,305,205.4191675,,205.4191675
306,306,306,206.3326834,,206.3326834
307,307,307,207.256166,,207.256166
308,308,308,208.1896228,,208.1896228
309,309,309,209.1330606,,209.1330606
310,310,310,210.086485,,210.086485
311,311,311,211.0499006,,211.0499006
312,312,312,212.0233112,,212.0233112
313,313,313,213.0067194,,213.0067194
314,314,314,214.0001268,,214.0001268
315,315,315,215.0035342,,215.0035342
316,316,316,216.016941,,216.016941
317,317,317,217.0403462,,217.0403462
318,318,318,218.0737471,,218.0737471
319,319,319,219.1171407,,219.1171407
320,320,320,220.1705224,,220.1705224
321,321,321,221.233887,,221.233887
322,322,322,222.3072282,,222.3072282
323,323,323,223.3905385,,223.3905385
324,324,324,224.4838097,,224.4838097
325,325,325,225.5870324,,225.5870324
326,326,326,226.7001963,,226.7001963
327,327,327,227.8232902,,227.8232902
328,328,328,228.9563016,,228.9563016
329,329,329,230.0992173,,230.0992173
330,330,330,231.252023,,231.252023
331,331,331,232.4147034,,232.4147034
332,332,332,233.5872423,,233.5872423
333,333,333,234.7696224,,234.7696224
334,334,334,235.9618254,,235.9618254
335,335,335,237.1638321,,237.1638321
336,336,336,238.3756224,,238.3756224
337,337,337,239.5971751,,239.5971751
338,338,338,240.8284679,,240.8284679
339,339,339,242.0694778,,242.0694778
340,340,340,243.3201807,,243.3201807
341,341,341,244.5805515,,244.5805515
342,342,342,245.8505642,,245.8505642
343,343,343,247.1301917,,247.1301917
344,344,344,248.4194061,,248.4194061
345,345,345,249.7181785,,249.7181785
346,346,346,251.026479,,251.026479
347,347,347,252.3442768,,252.3442768
348,348,348,253.6715401,,253.6715401
349,349,349,255.0082361,,255.0082361
350,350,350,256.3543313,,256.3543313
351,351,351,257.7097909,,257.7097909
352,352,352,259.0745795,,259.0745795
353,353,353,260.4486605,,260.4486605
354,354,354,261.8319966,,261.8319966
355,355,355,263.2245494,,263.2245494
356,356,356,264.6262797,,264.6262797
357,357,357,266.0371473,,266.0371473
358,358,358,267.4571111,,267.4571111
359,359,359,268.8861291,,268.8861291
360,360,360,270.3241584,,270.3241584
361,361,361,271.7711552,,271.7711552
362,362,362,273.2270748,,273.2270748
363,363,363,274.6918717,,274.6918717
364,364,364,276.1654993,,276.1654993
365,365,365,277.6479102,,277.6479102
366,366,366,279.1390563,,279.1390563
367,367,367,280.6388885,,280.6388885
368,368,368,282.1473566,,282.1473566
369,369,369,283.66441,,283.66441
370,370,370,285.1899968,,285.1899968
371,371,371,286.7240646,,286.7240646
372,372,372,288.2665599,,288.2665599
373,373,373,289.8174285,,289.8174285
374,374,374,291.3766152,,291.3766152
375,375,375,292.9440643,,292.9440643
376,376,376,294.5197188,,294.5197188
377,377,377,296.1035213,,296.1035213
378,378,378,297.6954134,,297.6954134
379,379,379,299.2953359,,299.2953359
380,380,380,300.9032288,,300.9032288
381,381,381,302.5190313,,302.5190313
382,382,382,304.1426818,,304.1426818
383,383,383,305.774118,,305.774118
384,384,384,307.4132768,,307.4132768
385,385,385,309.0600941,,309.0600941
386,386,386,310.7145053,,310.7145053
387,387,387,312.3764451,,312.3764451
388,388,388,314.0458471,,314.0458471
389,389,389,315.7226445,,315.7226445
390,390,390,317.4067696,,317.4067696
391,391,391,319.0981539,,319.0981539
392,392,392,320.7967284,,320.7967284
393,393,393,322.5024231,,322.5024231
394,394,394,324.2151675,,324.2151675
395,395,395,325.9348903,,325.9348903
396,396,396,327.6615196,,327.6615196
397,397,397,329.3949827,,329.3949827
398,398,398,331.1352063,,331.1352063
399,399,399,332.8821162,,332.8821162
400,400,400,334.6356379,,334.6356379
401,401,401,336.395696,,336.395696
402,402,402,338.1622144,,338.1622144
403,403,403,339.9351166,,339.9351166
404,404,404,341.7143252,,341.7143252
405,405,405,343.4997623,,343.4997623
406,406,406,345.2913494,,345.2913494
407,407,407,347.0890074,,347.0890074
408,408,408,348.8926563,,348.8926563
409,409,409,350.702216,,350.702216
410,410,410,352.5176053,,352.5176053
411,411,411,354.3387429,,354.3387429
412,412,412,356.1655466,,356.1655466
413,413,413,357.9979336,,357.9979336
414,414,414,359.8358208,,359.8358208
415,415,415,361.6791244,,361.6791244
416,416,416,363.52776,,363.52776
417,417,417,365.3816428,,365.3816428
418,418,418,367.2406874,,367.2406874
419,419,419,369.1048079,,369.1048079
420,420,420,370.9739179,,370.9739179
421,421,421,372.8479304,,372.8479304
422,422,422,374.7267581,,374.7267581
423,423,423,376.6103131,,376.6103131
424,424,424,378.498507,,378.498507
425,425,425,380.391251,,380.391251
426,426,426,382.2884559,,382.2884559
427,427,427,384.1900318,,384.1900318
428,428,428,386.0958888,,386.0958888
429,429,429,388.0059361,,388.0059361
430,430,430,389.9200828,,389.9200828
431,431,431,391.8382374,,391.8382374
432,432,432,393.7603082,,393.7603082
433,433,433,395.686203,,395.686203
434,434,434,397.615829,,397.615829
435,435,435,399.5490935,,399.5490935
436,436,436,401.485903,,401.485903
437,437,437,403.4261639,,403.4261639
438,438,438,405.3697822,,405.3697822
439,439,439,407.3166634,,407.3166634
440,440,440,409.266713,,409.266713
441,441,441,411.2198359,,411.2198359
442,442,442,413.1759367,,413.1759367
443,443,443,415.13492,,415.13492
444,444,444,417.0966897,,417.0966897
445,445,445,419.0611497,,419.0611497
446,446,446,421.0282036,,421.0282036
447,447,447,422.9977547,,422.9977547
448,448,448,424.9697059,,424.9697059
449,449,449,426.9439602,,426.9439602
450,450,450,428.9204201,,428.9204201
451,451,451,430.8989879,,430.8989879
452,452,452,432.8795657,,432.8795657
453,453,453,434.8620556,,434.8620556
454,454,454,436.8463593,,436.8463593
455,455,455,438.8323784,,438.8323784
456,456,456,440.8200142,,440.8200142
457,457,457,442.8091679,,442.8091679
458,458,458,444.7997408,,444.7997408
459,459,459,446.7916336,,446.7916336
460,460,460,448.7847473,,448.7847473
461,461,461,450.7789825,,450.7789825
462,462,462,452.7742398,,452.7742398
463,463,463,454.7704197,,454.7704197
464,464,464,456.7674225,,456.7674225
465,465,465,458.7651485,,458.7651485
466,466,466,460.7634981,,460.7634981
467,467,467,462.7623713,,462.7623713
468,468,468,464.7616682,,464.7616682
469,469,469,466.761289,,466.761289
470,470,470,468.7611337,,468.7611337
471,471,471,470.7611022,,470.7611022
472,472,472,472.7610946,,472.7610946
473,473,473,474.7610109,,474.7610109
474,474,474,476.7607511,,476.7607511
475,475,475,478.7602153,,478.7602153
476,476,476,480.7593034,,480.7593034
477,477,477,482.7579156,,482.7579156
478,478,478,484.755952,,484.755952
479,479,479,486.7533128,,486.7533128
480,480,480,488.7498983,,488.7498983
481,481,481,490.7456089,,490.7456089
482,482,482,492.7403448,,492.7403448
483,483,483,494.7340068,,494.7340068
484,484,484,496.7264953,,496.7264953
485,485,485,498.7177112,,498.7177112
486,486,486,500.7075554,,500.7075554
487,487,487,502.6959288,,502.6959288
488,488,488,504.6827326,,504.6827326
489,489,489,506.6678681,,506.6678681
490,490,490,508.6512369,,508.6512369
491,491,491,510.6327406,,510.6327406
492,492,492,512.6122811,,512.6122811
493,493,493,514.5897603,,514.5897603
494,494,494,516.5650805,,516.5650805
495,495,495,518.5381443,,518.5381443
496,496,496,520.5088543,,520.5088543
497,497,497,522.4771134,,522.4771134
498,498,498,524.4428248,,524.4428248
499,499,499,526.405892,,526.405892
500,500,500,528.3662185,,528.3662185
501,501,501,530.3237085,,530.3237085
502,502,502,532.2782662,,532.2782662
503,503,503,534.229796,,534.229796
504,504,504,536.1782029,,536.1782029
505,505,505,538.123392,,538.123392
506,506,506,540.0652688,,540.0652688
507,507,507,542.0037391,,542.0037391
508,508,508,543.938709,,543.938709
509,509,509,545.8700851,,545.8700851
510,510,510,547.7977743,,547.7977743
511,511,511,549.7216837,,549.7216837
512,512,512,551.6417209,,551.6417209
513,513,513,553.557794,,553.557794
514,514,514,555.4698114,,555.4698114
515,515,515,557.3776818,,557.3776818
516,516,516,559.2813144,,559.2813144
517,517,517,561.180619,,561.180619
518,518,518,563.0755056,,563.0755056
519,519,519,564.9658846,,564.9658846
520,520,520,566.8516671,,566.8516671
521,521,521,568.7327645,,568.7327645
522,522,522,570.6090886,,570.6090886
523,523,523,572.4805519,,572.4805519
524,524,524,574.3470671,,574.3470671
525,525,525,576.2085477,,576.2085477
526,526,526,578.0649075,,578.0649075
527,527,527,579.9160608,,579.9160608
528,528,528,581.7619226,,581.7619226
529,529,529,583.6024082,,583.6024082
530,530,530,585.4374336,,585.4374336
531,531,531,587.2669153,,587.2669153
532,532,532,589.0907704,,589.0907704
533,533,533,590.9089165,,590.9089165
534,534,534,592.7212717,,592.7212717
535,535,535,594.5277548,,594.5277548
536,536,536,596.3282852,,596.3282852
537,537,537,598.1227828,,598.1227828
538,538,538,599.9111682,,599.9111682
539,539,539,601.6933625,,601.6933625
540,540,540,603.4692876,,603.4692876
541,541,541,605.2388658,,605.2388658
542,542,542,607.0020201,,607.0020201
543,543,543,608.7586743,,608.7586743
544,544,544,610.5087527,,610.5087527
545,545,545,612.2521802,,612.2521802
546,546,546,613.9888826,,613.9888826
547,547,547,615.7187862,,615.7187862
548,548,548,617.4418179,,617.4418179
549,549,549,619.1579055,,619.1579055
550,550,550,620.8669774,,620.8669774
551,551,551,622.5689627,,622.5689627
552,552,552,624.2637911,,624.2637911
553,553,553,625.9513932,,625.9513932
554,554,554,627.6317002,,627.6317002
555,555,555,629.3046441,,629.3046441
556,556,556,630.9701576,,630.9701576
557,557,557,632.6281741,,632.6281741
558,558,558,634.2786279,,634.2786279
559,559,559,635.9214539,,635.9214539
560,560,560,637.5565879,,637.5565879
561,561,561,639.1839662,,639.1839662
562,562,562,640.8035262,,640.8035262
563,563,563,642.4152059,,642.4152059
564,564,564,644.0189441,,644.0189441
565,565,565,645.6146805,,645.6146805
566,566,566,647.2023555,,647.2023555
567,567,567,648.7819104,,648.7819104
568,568,568,650.3532871,,650.3532871
569,569,569,651.9164286,,651.9164286
570,570,570,653.4712785,,653.4712785
571,571,571,655.0177813,,655.0177813
572,572,572,656.5558824,,656.5558824
573,573,573,658.0855281,,658.0855281
574,574,574,659.6066652,,659.6066652
575,575,575,661.1192417,,661.1192417
576,576,576,662.6232064,,662.6232064
577,577,577,664.1185088,,664.1185088
578,578,578,665.6050995,,665.6050995
579,579,579,667.0829297,,667.0829297
580,580,580,668.5519517,,668.5519517
581,581,581,670.0121186,,670.0121186
582,582,582,671.4633843,,671.4633843
583,583,583,672.9057038,,672.9057038
584,584,584,674.3390328,,674.3390328
585,585,585,675.7633279,,675.7633279
586,586,586,677.1785468,,677.1785468
587,587,587,678.5846479,,678.5846479
588,588,588,679.9815906,,679.9815906
589,589,589,681.3693353,,681.3693353
590,590,590,682.7478431,,682.7478431
591,591,591,684.1170762,,684.1170762
592,592,592,685.4769976,,685.4769976
593,593,593,686.8275714,,686.8275714
594,594,594,688.1687626,,688.1687626
595,595,595,689.5005369,,689.5005369
596,596,596,690.8228613,,690.8228613
597,597,597,692.1357035,,692.1357035
598,598,598,693.4390322,,693.4390322
599,599,599,694.732817,,694.732817
600,600,600,696.0170287,,696.0170287
601,601,601,697.2916387,,697.2916387
602,602,602,698.5566196,,698.5566196
603,603,603,699.811945,,699.811945
604,604,604,701.0575893,,701.0575893
605,605,605,702.2935278,,702.2935278
606,606,606,703.5197371,,703.5197371
607,607,607,704.7361945,,704.7361945
608,608,608,705.9428784,,705.9428784
609,609,609,707.1397681,,707.1397681
610,610,610,708.3268438,,708.3268438
611,611,611,709.504087,,709.504087
612,612,612,710.6714799,,710.6714799
613,613,613,711.8290056,,711.8290056
614,614,614,712.9766486,,712.9766486
615,615,615,714.114394,,714.114394
616,616,616,715.242228,,715.242228
617,617,617,716.3601379,,716.3601379
618,618,618,717.4681118,,717.4681118
619,619,619,718.566139,,718.566139
620,620,620,719.6542097,,719.6542097
621,621,621,720.7323151,,720.7323151
622,622,622,721.8004473,,721.8004473
623,623,623,722.8585995,,722.8585995
624,624,624,723.906766,,723.906766
625,625,625,724.9449418,,724.9449418
626,626,626,725.9731233,,725.9731233
627,627,627,726.9913075,,726.9913075
628,628,628,727.9994927,,727.9994927
629,629,629,728.997678,,728.997678
630,630,630,729.9858636,,729.9858636
631,631,631,730.9640508,,730.9640508
632,632,632,731.9322416,,731.9322416
633,633,633,732.8904392,,732.8904392
634,634,634,733.8386479,,733.8386479
635,635,635,734.7768729,,734.7768729
636,636,636,735.7051202,,735.7051202
637,637,637,736.6233971,,736.6233971
638,638,638,737.5317117,,737.5317117
639,639,639,738.4300733,,738.4300733
640,640,640,739.3184919,,739.3184919
641,641,641,740.1969787,,740.1969787
642,642,642,741.065546,,741.065546
643,643,643,741.9242067,,741.9242067
644,644,644,742.7729752,,742.7729752
645,645,645,743.6118664,,743.6118664
646,646,646,744.4408965,,744.4408965
647,647,647,745.2600826,,745.2600826
648,648,648,746.0694428,,746.0694428
649,649,649,746.8689961,,746.8689961
650,650,650,747.6587626,,747.6587626
651,651,651,748.4387633,,748.4387633
652,652,652,749.2090202,,749.2090202
653,653,653,749.9695563,,749.9695563
654,654,654,750.7203955,,750.7203955
655,655,655,751.4615627,,751.4615627
656,656,656,752.1930839,,752.1930839
657,657,657,752.9149858,,752.9149858
658,658,658,753.6272964,,753.6272964
659,659,659,754.3300442,,754.3300442
660,660,660,755.0232592,,755.0232592
661,661,661,755.7069719,,755.7069719
662,662,662,756.381214,,756.381214
663,663,663,757.046018,,757.046018
664,664,664,757.7014176,,757.7014176
665,665,665,758.347447,,758.347447
666,666,666,758.9841418,,758.9841418
667,667,667,759.6115383,,759.6115383
668,668,668,760.2296736,,760.2296736
669,669,669,760.8385861,,760.8385861
670,670,670,761.4383148,,761.4383148
671,671,671,762.0288998,,762.0288998
672,672,672,762.6103819,,762.6103819
673,673,673,763.1828031,,763.1828031
674,674,674,763.746206,,763.746206
675,675,675,764.3006345,,764.3006345
676,676,676,764.8461329,,764.8461329
677,677,677,765.3827468,,765.3827468
678,678,678,765.9105225,,765.9105225
679,679,679,766.4295072,,766.4295072
680,680,680,766.939749,,766.939749
681,681,681,767.441297,,767.441297
682,682,682,767.9342008,,767.9342008
683,683,683,768.4185114,,768.4185114
684,684,684,768.8942801,,768.8942801
685,685,685,769.3615595,,769.3615595
686,686,686,769.8204028,,769.8204028
687,687,687,770.2708641,,770.2708641
688,688,688,770.7129985,,770.7129985
689,689,689,771.1468615,,771.1468615
690,690,690,771.57251,,771.57251
691,691,691,771.9900013,,771.9900013
692,692,692,772.3993936,,772.3993936
693,693,693,772.8007461,,772.8007461
694,694,694,773.1941186,,773.1941186
695,695,695,773.5795717,,773.5795717
696,696,696,773.957167,,773.957167
697,697,697,774.3269665,,774.3269665
698,698,698,774.6890335,,774.6890335
699,699,699,775.0434316,,775.0434316
700,700,700,775.3902254,,775.3902254
701,701,701,775.7294803,,775.7294803
702,702,702,776.0612623,,776.0612623
703,703,703,776.3856382,,776.3856382
704,704,704,776.7026756,,776.7026756
705,705,705,777.0124428,,777.0124428
706,706,706,777.3150089,,777.3150089
707,707,707,777.6104435,,777.6104435
708,708,708,777.8988171,,777.8988171
709,709,709,778.1802008,,778.1802008
710,710,710,778.4546666,,778.4546666
711,711,711,778.722287,,778.722287
712,712,712,778.9831353,,778.9831353
713,713,713,779.2372853,,779.2372853
714,714,714,779.4848116,,779.4848116
715,715,715,779.7257894,,779.7257894
716,716,716,779.9602948,,779.9602948
717,717,717,780.1884042,,780.1884042
718,718,718,780.4101947,,780.4101947
719,719,719,780.6257444,,780.6257444
720,720,720,780.8351315,,780.8351315
721,721,721,781.0384351,,781.0384351
722,722,722,781.2357349,,781.2357349
723,723,723,781.4271112,,781.4271112
724,724,724,781.6126449,,781.6126449
725,725,725,781.7924173,,781.7924173
726,726,726,781.9665106,,781.9665106
727,727,727,782.1350072,,782.1350072
728,728,728,782.2979904,,782.2979904
729,729,729,782.4555438,,782.4555438
730,730,730,782.6077517,,782.6077517
731,731,731,782.7546989,,782.7546989
732,732,732,782.8964707,,782.8964707
733,733,733,783.0331528,,783.0331528
734,734,734,783.1648317,,783.1648317
735,735,735,783.2915942,,783.2915942
736,736,736,783.4135275,,783.4135275
737,737,737,783.5307195,,783.5307195
738,738,738,783.6432585,,783.6432585
739,739,739,783.7512332,,783.7512332
740,740,740,783.8547328,,783.8547328
741,741,741,783.9538469,,783.9538469
742,742,742,784.0486657,,784.0486657
743,743,743,784.1392797,,784.1392797
744,744,744,784.2257798,,784.2257798
745,745,745,784.3082574,,784.3082574
746,746,746,784.3868041,,784.3868041
747,747,747,784.4615122,,784.4615122
748,748,748,784.5324742,,784.5324742
749,749,749,784.599783,,784.599783
750,750,750,784.6635318,,784.6635318
751,751,751,784.7238143,,784.7238143
752,752,752,784.7807244,,784.7807244
753,753,753,784.8343565,,784.8343565
754,754,754,784.8848052,,784.8848052
755,755,755,784.9321654,,784.9321654
756,756,756,784.9765325,,784.9765325
757,757,757,785.0180019,,785.0180019
758,758,758,785.0566695,,785.0566695
759,759,759,785.0926315,,785.0926315
760,760,760,785.1259843,,785.1259843
761,761,761,785.1568244,,785.1568244
762,762,762,785.1852489,,785.1852489
763,763,763,785.2113549,,785.2113549
764,764,764,785.2352398,,785.2352398
765,765,765,785.2570012,,785.2570012
766,766,766,785.2767369,,785.2767369
767,767,767,785.2945449,,785.2945449
768,768,768,785.3105235,,785.3105235
769,769,769,785.3247711,,785.3247711
770,770,770,785.3373862,,785.3373862
771,771,771,785.3484676,,785.3484676
772,772,772,785.3581141,,785.3581141
773,773,773,785.3664249,,785.3664249
774,774,774,785.373499,,785.373499
775,775,775,785.3794357,,785.3794357
776,776,776,785.3843346,,785.3843346
777,777,777,785.388295,,785.388295
778,778,778,785.3914165,,785.3914165
779,779,779,785.393799,,785.393799
780,780,780,785.3955421,,785.3955421
781,781,781,785.3967456,,785.3967456
782,782,782,785.3975094,,785.3975094
783,783,783,785.3979335,,785.3979335
784,784,784,785.3981178,,785.3981178
785,785,785,785.3981623,,785.3981623
786,786,786,785.398167,,785.398167
787,787,787,785.3982319,,785.3982319
788,788,788,785.3984569,,785.3984569
789,789,789,785.3989421,,785.3989421
790,790,790,785.3997874,,785.3997874
791,791,791,785.4010928,,785.4010928
792,792,792,785.402958,,785.402958
793,793,793,785.4054829,,785.4054829
794,794,794,785.4087672,,785.4087672
795,795,795,785.4129107,,785.4129107
796,796,796,785.4180128,,785.4180128
797,797,797,785.4241732,,785.4241732
798,798,798,785.4314911,,785.4314911
799,799,799,785.4400659,,785.4400659
800,800,800,785.4499966,,785.4499966
801,801,801,785.4613824,,785.4613824
802,802,802,785.4743219,,785.4743219
803,803,803,785.4889141,,785.4889141
804,804,804,785.5052573,,785.5052573
805,805,805,785.52345,,785.52345
806,806,806,785.5435903,,785.5435903
807,807,807,785.5657763,,785.5657763
808,808,808,785.5901057,,785.5901057
809,809,809,785.616676,,785.616676
810,810,810,785.6455846,,785.6455846
811,811,811,785.6769287,,785.6769287
812,812,812,785.710805,,785.710805
813,813,813,785.7473103,,785.7473103
814,814,814,785.7865408,,785.7865408
815,815,815,785.8285926,,785.8285926
816,816,816,785.8735615,,785.8735615
817,817,817,785.9215431,,785.9215431
818,818,818,785.9726325,,785.9726325
819,819,819,786.0269245,,786.0269245
820,820,820,786.0845139,,786.0845139
821,821,821,786.1454948,,786.1454948
822,822,822,786.2099611,,786.2099611
823,823,823,786.2780064,,786.2780064
824,824,824,786.3497238,,786.3497238
825,825,825,786.4252063,,786.4252063
826,826,826,786.5045461,,786.5045461
827,827,827,786.5878355,,786.5878355
828,828,828,786.6751661,,786.6751661
829,829,829,786.7666292,,786.7666292
830,830,830,786.8623155,,786.8623155
831,831,831,786.9623156,,786.9623156
832,832,832,787.0667194,,787.0667194
833,833,833,787.1756165,,787.1756165
834,834,834,787.289096,,787.289096
835,835,835,787.4072465,,787.4072465
836,836,836,787.5301563,,787.5301563
837,837,837,787.657913,,787.657913
838,838,838,787.7906039,,787.7906039
839,839,839,787.9283157,,787.9283157
840,840,840,788.0711346,,788.0711346
841,841,841,788.2191463,,788.2191463
842,842,842,788.3724361,,788.3724361
843,843,843,788.5310887,,788.5310887
844,844,844,788.695188,,788.695188
845,845,845,788.8648178,,788.8648178
846,846,846,789.0400611,,789.0400611
847,847,847,789.2210003,,789.2210003
848,848,848,789.4077173,,789.4077173
849,849,849,789.6002936,,789.6002936
850,850,850,789.7988097,,789.7988097
851,851,851,790.003346,,790.003346
852,852,852,790.2139818,,790.2139818
853,853,853,790.4307962,,790.4307962
854,854,854,790.6538675,,790.6538675
855,855,855,790.8832733,,790.8832733
856,856,856,791.1190907,,791.1190907
857,857,857,791.3613962,,791.3613962
858,858,858,791.6102655,,791.6102655
859,859,859,791.8657737,,791.8657737
860,860,860,792.1279953,,792.1279953
861,861,861,792.397004,,792.397004
862,862,862,792.6728729,,792.6728729
863,863,863,792.9556745,,792.9556745
864,864,864,793.2454805,,793.2454805
865,865,865,793.5423619,,793.5423619
866,866,866,793.846389,,793.846389
867,867,867,794.1576314,,794.1576314
868,868,868,794.4761579,,794.4761579
869,869,869,794.8020368,,794.8020368
870,870,870,795.1353354,,795.1353354
871,871,871,795.4761205,,795.4761205
872,872,872,795.8244578,,795.8244578
873,873,873,796.1804126,,796.1804126
874,874,874,796.5440494,,796.5440494
875,875,875,796.9154316,,796.9154316
876,876,876,797.2946223,,797.2946223
877,877,877,797.6816834,,797.6816834
878,878,878,798.0766763,,798.0766763
879,879,879,798.4796615,,798.4796615
880,880,880,798.8906986,,798.8906986
881,881,881,799.3098466,,799.3098466
882,882,882,799.7371635,,799.7371635
883,883,883,800.1727067,,800.1727067
884,884,884,800.6165325,,800.6165325
885,885,885,801.0686966,,801.0686966
886,886,886,801.5292537,,801.5292537
887,887,887,801.9982579,,801.9982579
888,888,888,802.4757621,,802.4757621
889,889,889,802.9618187,,802.9618187
890,890,890,803.4564791,,803.4564791
891,891,891,803.9597937,,803.9597937
892,892,892,804.4718123,,804.4718123
893,893,893,804.9925836,,804.9925836
894,894,894,805.5221556,,805.5221556
895,895,895,806.0605753,,806.0605753
896,896,896,806.6078889,,806.6078889
897,897,897,807.1641416,,807.1641416
898,898,898,807.7293778,,807.7293778
899,899,899,808.303641,,808.303641
900,900,900,808.8869738,,808.8869738
901,901,901,809.4794178,,809.4794178
902,902,902,810.0810138,,810.0810138
903,903,903,810.6918016,,810.6918016
904,904,904,811.3118201,,811.3118201
905,905,905,811.9411074,,811.9411074
906,906,906,812.5797005,,812.5797005
907,907,907,813.2276356,,813.2276356
908,908,908,813.8849478,,813.8849478
909,909,909,814.5516714,,814.5516714
910,910,910,815.2278398,,815.2278398
911,911,911,815.9134853,,815.9134853
912,912,912,816.6086394,,816.6086394
913,913,913,817.3133326,,817.3133326
914,914,914,818.0275943,,818.0275943
915,915,915,818.7514532,,818.7514532
916,916,916,819.4849369,,819.4849369
917,917,917,820.228072,,820.228072
918,918,918,820.9808842,,820.9808842
919,919,919,821.7433982,,821.7433982
920,920,920,822.5156379,,822.5156379
921,921,921,823.2976258,,823.2976258
922,922,922,824.089384,,824.089384
923,923,923,824.8909331,,824.8909331
924,924,924,825.702293,,825.702293
925,925,925,826.5234827,,826.5234827
926,926,926,827.3545199,,827.3545199
927,927,927,828.1954215,,828.1954215
928,928,928,829.0462036,,829.0462036
929,929,929,829.9068809,,829.9068809
930,930,930,830.7774675,,830.7774675
931,931,931,831.6579762,,831.6579762
932,932,932,832.548419,,832.548419
933,933,933,833.448807,,833.448807
934,934,934,834.3591499,,834.3591499
935,935,935,835.2794569,,835.2794569
936,936,936,836.2097359,,836.2097359
937,937,937,837.1499937,,837.1499937
938,938,938,838.1002365,,838.1002365
939,939,939,839.0604692,,839.0604692
940,940,940,840.0306958,,840.0306958
941,941,941,841.0109192,,841.0109192
942,942,942,842.0011414,,842.0011414
943,943,943,843.0013635,,843.0013635
944,944,944,844.0115853,,844.0115853
945,945,945,845.0318059,,845.0318059
946,946,946,846.0620232,,846.0620232
947,947,947,847.1022342,,847.1022342
948,948,948,848.1524349,,848.1524349
949,949,949,849.2126203,,849.2126203
950,950,950,850.2827844,,850.2827844
951,951,951,851.3629201,,851.3629201
952,952,952,852.4530194,,852.4530194
953,953,953,853.5530733,,853.5530733
954,954,954,854.6630718,,854.6630718
955,955,955,855.783004,,855.783004
956,956,956,856.9128578,,856.9128578
957,957,957,858.0526202,,858.0526202
958,958,958,859.2022772,,859.2022772
959,959,959,860.3618139,,860.3618139
960,960,960,861.5312144,,861.5312144
961,961,961,862.7104617,,862.7104617
962,962,962,863.8995378,,863.8995378
963,963,963,865.098424,,865.098424
964,964,964,866.3071001,,866.3071001
965,965,965,867.5255455,,867.5255455
966,966,966,868.7537383,,868.7537383
967,967,967,869.9916556,,869.9916556
968,968,968,871.2392737,,871.2392737
969,969,969,872.4965677,,872.4965677
970,970,970,873.763512,,873.763512
971,971,971,875.0400799,,875.0400799
972,972,972,876.3262437,,876.3262437
973,973,973,877.6219748,,877.6219748
974,974,974,878.9272436,,878.9272436
975,975,975,880.2420196,,880.2420196
976,976,976,881.5662713,,881.5662713
977,977,977,882.8999664,,882.8999664
978,978,978,884.2430713,,884.2430713
979,979,979,885.5955519,,885.5955519
980,980,980,886.9573728,,886.9573728
981,981,981,888.3284979,,888.3284979
982,982,982,889.7088901,,889.7088901
983,983,983,891.0985113,,891.0985113
984,984,984,892.4973226,,892.4973226
985,985,985,893.9052841,,893.9052841
986,986,986,895.322355,,895.322355
987,987,987,896.7484935,,896.7484935
988,988,988,898.1836572,,898.1836572
989,989,989,899.6278024,,899.6278024
990,990,990,901.0808847,,901.0808847
991,991,991,902.5428589,,902.5428589
992,992,992,904.0136788,,904.0136788
993,993,993,905.4932971,,905.4932971
994,994,994,906.9816661,,906.9816661
995,995,995,908.4787369,,908.4787369
996,996,996,909.9844597,,909.9844597
997,997,997,911.4987839,,911.4987839
998,998,998,913.0216583,,913.0216583
999,999,999,914.5530304,,914.5530304
1000,1000,1000,916.0928471,,916.0928471
1001,1001,1001,917.6410545,,917.6410545
1002,1002,1002,919.1975977,,919.1975977
1003,1003,1003,920.762421,,920.762421
1004,1004,1004,922.3354681,,922.3354681
1005,1005,1005,923.9166815,,923.9166815
1006,1006,1006,925.5060032,,925.5060032
1007,1007,1007,927.1033742,,927.1033742
1008,1008,1008,928.7087349,,928.7087349
1009,1009,1009,930.3220246,,930.3220246
1010,1010,1010,931.943182,,931.943182
1011,1011,1011,933.572145,,933.572145
1012,1012,1012,935.2088508,,935.2088508
1013,1013,1013,936.8532356,,936.8532356
1014,1014,1014,938.505235,,938.505235
1015,1015,1015,940.1647839,,940.1647839
1016,1016,1016,941.8318162,,941.8318162
1017,1017,1017,943.5062652,,943.5062652
1018,1018,1018,945.1880636,,945.1880636
1019,1019,1019,946.8771431,,946.8771431
1020,1020,1020,948.5734348,,948.5734348
1021,1021,1021,950.2768691,,950.2768691
1022,1022,1022,951.9873757,,951.9873757
1023,1023,1023,953.7048835,,953.7048835
1024,1024,1024,955.4293207,,955.4293207
1025,1025,1025,957.160615,,957.160615
1026,1026,1026,958.8986931,,958.8986931
1027,1027,1027,960.6434813,,960.6434813
1028,1028,1028,962.3949051,,962.3949051
1029,1029,1029,964.1528893,,964.1528893
1030,1030,1030,965.9173582,,965.9173582
1031,1031,1031,967.6882354,,967.6882354
1032,1032,1032,969.4654436,,969.4654436
1033,1033,1033,971.2489053,,971.2489053
1034,1034,1034,973.038542,,973.038542
1035,1035,1035,974.8342748,,974.8342748
1036,1036,1036,976.6360241,,976.6360241
1037,1037,1037,978.4437098,,978.4437098
1038,1038,1038,980.257251,,980.257251
1039,1039,1039,982.0765665,,982.0765665
1040,1040,1040,983.9015743,,983.9015743
1041,1041,1041,985.7321918,,985.7321918
1042,1042,1042,987.5683361,,987.5683361
1043,1043,1043,989.4099236,,989.4099236
1044,1044,1044,991.2568699,,991.2568699
1045,1045,1045,993.1090906,,993.1090906
1046,1046,1046,994.9665003,,994.9665003
1047,1047,1047,996.8290133,,996.8290133
1048,1048,1048,998.6965434,,998.6965434
1049,1049,1049,1000.569004,,1000.569004
1050,1050,1050,1002.446307,,1002.446307
1051,1051,1051,1004.328366,,1004.328366
1052,1052,1052,1006.215092,,1006.215092
1053,1053,1053,1008.106396,,1008.106396
1054,1054,1054,1010.00219,,1010.00219
1055,1055,1055,1011.902383,,1011.902383
1056,1056,1056,1013.806886,,1013.806886
1057,1057,1057,1015.715609,,1015.715609
1058,1058,1058,1017.62846,,1017.62846
1059,1059,1059,1019.545348,,1019.545348
1060,1060,1060,1021.466181,,1021.466181
1061,1061,1061,1023.390868,,1023.390868
1062,1062,1062,1025.319315,,1025.319315
1063,1063,1063,1027.251431,,1027.251431
1064,1064,1064,1029.187121,,1029.187121
1065,1065,1065,1031.126293,,1031.126293
1066,1066,1066,1033.068852,,1033.068852
1067,1067,1067,1035.014704,,1035.014704
1068,1068,1068,1036.963755,,1036.963755
1069,1069,1069,1038.915909,,1038.915909
1070,1070,1070,1040.871072,,1040.871072
1071,1071,1071,1042.829147,,1042.829147
1072,1072,1072,1044.79004,,1044.79004
1073,1073,1073,1046.753653,,1046.753653
1074,1074,1074,1048.719892,,1048.719892
1075,1075,1075,1050.688658,,1050.688658
1076,1076,1076,1052.659855,,1052.659855
1077,1077,1077,1054.633386,,1054.633386
1078,1078,1078,1056.609154,,1056.609154
1079,1079,1079,1058.587061,,1058.587061
1080,1080,1080,1060.567009,,1060.567009
1081,1081,1081,1062.548901,,1062.548901
1082,1082,1082,1064.532637,,1064.532637
1083,1083,1083,1066.518121,,1066.518121
1084,1084,1084,1068.505252,,1068.505252
1085,1085,1085,1070.493933,,1070.493933
1086,1086,1086,1072.484065,,1072.484065
1087,1087,1087,1074.475548,,1074.475548
1088,1088,1088,1076.468284,,1076.468284
1089,1089,1089,1078.462172,,1078.462172
1090,1090,1090,1080.457115,,1080.457115
1091,1091,1091,1082.453012,,1082.453012
1092,1092,1092,1084.449763,,1084.449763
1093,1093,1093,1086.44727,,1086.44727
1094,1094,1094,1088.445431,,1088.445431
1095,1095,1095,1090.444149,,1090.444149
1096,1096,1096,1092.443322,,1092.443322
1097,1097,1097,1094.44285,,1094.44285
1098,1098,1098,1096.442634,,1096.442634
1099,1099,1099,1098.442574,,1098.442574
1100,1100,1100,1100.44257,,1100.44257
1101,1101,1101,1102.442521,,1102.442521
1102,1102,1102,1104.442328,,1104.442328
1103,1103,1103,1106.441891,,1106.441891
1104,1104,1104,1108.44111,,1108.44111
1105,1105,1105,1110.439885,,1110.439885
1106,1106,1106,1112.438115,,1112.438115
1107,1107,1107,1114.435702,,1114.435702
1108,1108,1108,1116.432545,,1116.432545
1109,1109,1109,1118.428545,,1118.428545
1110,1110,1110,1120.423603,,1120.423603
1111,1111,1111,1122.417618,,1122.417618
1112,1112,1112,1124.410491,,1124.410491
1113,1113,1113,1126.402123,,1126.402123
1114,1114,1114,1128.392414,,1128.392414
1115,1115,1115,1130.381267,,1130.381267
1116,1116,1116,1132.368582,,1132.368582
1117,1117,1117,1134.354259,,1134.354259
1118,1118,1118,1136.338202,,1136.338202
1119,1119,1119,1138.32031,,1138.32031
1120,1120,1120,1140.300486,,1140.300486
1121,1121,1121,1142.278633,,1142.278633
1122,1122,1122,1144.254651,,1144.254651
1123,1123,1123,1146.228444,,1146.228444
1124,1124,1124,1148.199915,,1148.199915
1125,1125,1125,1150.168965,,1150.168965
1126,1126,1126,1152.135498,,1152.135498
1127,1127,1127,1154.099418,,1154.099418
1128,1128,1128,1156.060628,,1156.060628
1129,1129,1129,1158.019032,,1158.019032
1130,1130,1130,1159.974534,,1159.974534
1131,1131,1131,1161.927039,,1161.927039
1132,1132,1132,1163.876451,,1163.876451
1133,1133,1133,1165.822675,,1165.822675
1134,1134,1134,1167.765617,,1167.765617
1135,1135,1135,1169.705183,,1169.705183
1136,1136,1136,1171.641278,,1171.641278
1137,1137,1137,1173.573809,,1173.573809
1138,1138,1138,1175.502683,,1175.502683
1139,1139,1139,1177.427806,,1177.427806
1140,1140,1140,1179.349087,,1179.349087
1141,1141,1141,1181.266432,,1181.266432
1142,1142,1142,1183.179752,,1183.179752
1143,1143,1143,1185.088953,,1185.088953
1144,1144,1144,1186.993945,,1186.993945
1145,1145,1145,1188.894638,,1188.894638
1146,1146,1146,1190.790942,,1190.790942
1147,1147,1147,1192.682766,,1192.682766
1148,1148,1148,1194.570022,,1194.570022
1149,1149,1149,1196.452622,,1196.452622
1150,1150,1150,1198.330476,,1198.330476
1151,1151,1151,1200.203497,,1200.203497
1152,1152,1152,1202.071598,,1202.071598
1153,1153,1153,1203.934691,,1203.934691
1154,1154,1154,1205.792692,,1205.792692
1155,1155,1155,1207.645513,,1207.645513
1156,1156,1156,1209.493069,,1209.493069
1157,1157,1157,1211.335276,,1211.335276
1158,1158,1158,1213.17205,,1213.17205
1159,1159,1159,1215.003307,,1215.003307
1160,1160,1160,1216.828963,,1216.828963
1161,1161,1161,1218.648936,,1218.648936
1162,1162,1162,1220.463145,,1220.463145
1163,1163,1163,1222.271507,,1222.271507
1164,1164,1164,1224.073943,,1224.073943
1165,1165,1165,1225.870371,,1225.870371
1166,1166,1166,1227.660711,,1227.660711
1167,1167,1167,1229.444886,,1229.444886
1168,1168,1168,1231.222817,,1231.222817
1169,1169,1169,1232.994425,,1232.994425
1170,1170,1170,1234.759634,,1234.759634
1171,1171,1171,1236.518367,,1236.518367
1172,1172,1172,1238.270548,,1238.270548
1173,1173,1173,1240.016102,,1240.016102
1174,1174,1174,1241.754955,,1241.754955
1175,1175,1175,1243.487032,,1243.487032
1176,1176,1176,1245.21226,,1245.21226
1177,1177,1177,1246.930568,,1246.930568
1178,1178,1178,1248.641882,,1248.641882
1179,1179,1179,1250.346132,,1250.346132
1180,1180,1180,1252.043248,,1252.043248
1181,1181,1181,1253.733159,,1253.733159
1182,1182,1182,1255.415797,,1255.415797
1183,1183,1183,1257.091094,,1257.091094
1184,1184,1184,1258.758982,,1258.758982
1185,1185,1185,1260.419393,,1260.419393
1186,1186,1186,1262.072263,,1262.072263
1187,1187,1187,1263.717526,,1263.717526
1188,1188,1188,1265.355117,,1265.355117
1189,1189,1189,1266.984972,,1266.984972
1190,1190,1190,1268.60703,,1268.60703
1191,1191,1191,1270.221226,,1270.221226
1192,1192,1192,1271.827501,,1271.827501
1193,1193,1193,1273.425792,,1273.425792
1194,1194,1194,1275.016042,,1275.016042
1195,1195,1195,1276.598189,,1276.598189
1196,1196,1196,1278.172177,,1278.172177
1197,1197,1197,1279.737948,,1279.737948
1198,1198,1198,1281.295445,,1281.295445
1199,1199,1199,1282.844613,,1282.844613
1200,1200,1200,1284.385396,,1284.385396
1201,1201,1201,1285.917741,,1285.917741
1202,1202,1202,1287.441594,,1287.441594
1203,1203,1203,1288.956903,,1288.956903
1204,1204,1204,1290.463616,,1290.463616
1205,1205,1205,1291.961683,,1291.961683
1206,1206,1206,1293.451054,,1293.451054
1207,1207,1207,1294.93168,,1294.93168
1208,1208,1208,1296.403513,,1296.403513
1209,1209,1209,1297.866505,,1297.866505
1210,1210,1210,1299.320611,,1299.320611
1211,1211,1211,1300.765785,,1300.765785
1212,1212,1212,1302.201983,,1302.201983
1213,1213,1213,1303.62916,,1303.62916
1214,1214,1214,1305.047274,,1305.047274
1215,1215,1215,1306.456284,,1306.456284
1216,1216,1216,1307.856149,,1307.856149
1217,1217,1217,1309.246827,,1309.246827
1218,1218,1218,1310.628282,,1310.628282
1219,1219,1219,1312.000473,,1312.000473
1220,1220,1220,1313.363364,,1313.363364
1221,1221,1221,1314.71692,,1314.71692
1222,1222,1222,1316.061103,,1316.061103
1223,1223,1223,1317.395881,,1317.395881
1224,1224,1224,1318.721219,,1318.721219
1225,1225,1225,1320.037085,,1320.037085
1226,1226,1226,1321.343447,,1321.343447
1227,1227,1227,1322.640275,,1322.640275
1228,1228,1228,1323.927539,,1323.927539
1229,1229,1229,1325.205211,,1325.205211
1230,1230,1230,1326.473262,,1326.473262
1231,1231,1231,1327.731666,,1327.731666
1232,1232,1232,1328.980396,,1328.980396
1233,1233,1233,1330.219429,,1330.219429
1234,1234,1234,1331.44874,,1331.44874
1235,1235,1235,1332.668306,,1332.668306
1236,1236,1236,1333.878105,,1333.878105
1237,1237,1237,1335.078117,,1335.078117
1238,1238,1238,1336.268321,,1336.268321
1239,1239,1239,1337.448698,,1337.448698
1240,1240,1240,1338.61923,,1338.61923
1241,1241,1241,1339.779901,,1339.779901
1242,1242,1242,1340.930693,,1340.930693
1243,1243,1243,1342.071593,,1342.071593
1244,1244,1244,1343.202585,,1343.202585
1245,1245,1245,1344.323658,,1344.323658
1246,1246,1246,1345.434798,,1345.434798
1247,1247,1247,1346.535995,,1346.535995
1248,1248,1248,1347.627238,,1347.627238
1249,1249,1249,1348.708518,,1348.708518
1250,1250,1250,1349.779828,,1349.779828
1251,1251,1251,1350.84116,,1350.84116
1252,1252,1252,1351.892508,,1351.892508
1253,1253,1253,1352.933866,,1352.933866
1254,1254,1254,1353.965232,,1353.965232
1255,1255,1255,1354.9866,,1354.9866
1256,1256,1256,1355.997971,,1355.997971
1257,1257,1257,1356.999341,,1356.999341
1258,1258,1258,1357.990712,,1357.990712
1259,1259,1259,1358.972084,,1358.972084
1260,1260,1260,1359.943459,,1359.943459
1261,1261,1261,1360.904839,,1360.904839
1262,1262,1262,1361.856229,,1361.856229
1263,1263,1263,1362.797633,,1362.797633
1264,1264,1264,1363.729058,,1363.729058
1265,1265,1265,1364.65051,,1364.65051
1266,1266,1266,1365.561997,,1365.561997
1267,1267,1267,1366.463528,,1366.463528
1268,1268,1268,1367.355112,,1367.355112
1269,1269,1269,1368.236762,,1368.236762
1270,1270,1270,1369.108487,,1369.108487
1271,1271,1271,1369.970302,,1369.970302
1272,1272,1272,1370.82222,,1370.82222
1273,1273,1273,1371.664256,,1371.664256
1274,1274,1274,1372.496425,,1372.496425
1275,1275,1275,1373.318745,,1373.318745
1276,1276,1276,1374.131233,,1374.131233
1277,1277,1277,1374.933908,,1374.933908
1278,1278,1278,1375.726789,,1375.726789
1279,1279,1279,1376.509898,,1376.509898
1280,1280,1280,1377.283257,,1377.283257
1281,1281,1281,1378.046886,,1378.046886
1282,1282,1282,1378.800812,,1378.800812
1283,1283,1283,1379.545057,,1379.545057
1284,1284,1284,1380.279648,,1380.279648
1285,1285,1285,1381.004611,,1381.004611
1286,1286,1286,1381.719974,,1381.719974
1287,1287,1287,1382.425764,,1382.425764
1288,1288,1288,1383.122012,,1383.122012
1289,1289,1289,1383.808749,,1383.808749
1290,1290,1290,1384.486004,,1384.486004
1291,1291,1291,1385.153811,,1385.153811
1292,1292,1292,1385.812202,,1385.812202
1293,1293,1293,1386.461212,,1386.461212
1294,1294,1294,1387.100877,,1387.100877
1295,1295,1295,1387.731231,,1387.731231
1296,1296,1296,1388.352312,,1388.352312
1297,1297,1297,1388.964158,,1388.964158
1298,1298,1298,1389.566808,,1389.566808
1299,1299,1299,1390.160301,,1390.160301
1300,1300,1300,1390.744678,,1390.744678
1301,1301,1301,1391.319981,,1391.319981
1302,1302,1302,1391.886252,,1391.886252
1303,1303,1303,1392.443534,,1392.443534
1304,1304,1304,1392.991872,,1392.991872
1305,1305,1305,1393.531311,,1393.531311
1306,1306,1306,1394.061897,,1394.061897
1307,1307,1307,1394.583677,,1394.583677
1308,1308,1308,1395.096698,,1395.096698
1309,1309,1309,1395.60101,,1395.60101
1310,1310,1310,1396.096662,,1396.096662
1311,1311,1311,1396.583704,,1396.583704
1312,1312,1312,1397.062188,,1397.062188
1313,1313,1313,1397.532166,,1397.532166
1314,1314,1314,1397.99369,,1397.99369
1315,1315,1315,1398.446815,,1398.446815
1316,1316,1316,1398.891596,,1398.891596
1317,1317,1317,1399.328088,,1399.328088
1318,1318,1318,1399.756347,,1399.756347
1319,1319,1319,1400.17643,,1400.17643
1320,1320,1320,1400.588396,,1400.588396
1321,1321,1321,1400.992303,,1400.992303
1322,1322,1322,1401.388211,,1401.388211
1323,1323,1323,1401.77618,,1401.77618
1324,1324,1324,1402.156271,,1402.156271
1325,1325,1325,1402.528547,,1402.528547
1326,1326,1326,1402.89307,,1402.89307
1327,1327,1327,1403.249904,,1403.249904
1328,1328,1328,1403.599113,,1403.599113
1329,1329,1329,1403.940762,,1403.940762
1330,1330,1330,1404.274917,,1404.274917
1331,1331,1331,1404.601645,,1404.601645
1332,1332,1332,1404.921013,,1404.921013
1333,1333,1333,1405.233088,,1405.233088
1334,1334,1334,1405.53794,,1405.53794
1335,1335,1335,1405.835639,,1405.835639
1336,1336,1336,1406.126254,,1406.126254
1337,1337,1337,1406.409856,,1406.409856
1338,1338,1338,1406.686518,,1406.686518
1339,1339,1339,1406.956311,,1406.956311
1340,1340,1340,1407.219308,,1407.219308
1341,1341,1341,1407.475584,,1407.475584
1342,1342,1342,1407.725212,,1407.725212
1343,1343,1343,1407.968267,,1407.968267
1344,1344,1344,1408.204826,,1408.204826
1345,1345,1345,1408.434965,,1408.434965
1346,1346,1346,1408.658759,,1408.658759
1347,1347,1347,1408.876289,,1408.876289
1348,1348,1348,1409.08763,,1409.08763
1349,1349,1349,1409.292863,,1409.292863
1350,1350,1350,1409.492066,,1409.492066
1351,1351,1351,1409.685321,,1409.685321
1352,1352,1352,1409.872707,,1409.872707
1353,1353,1353,1410.054305,,1410.054305
1354,1354,1354,1410.230199,,1410.230199
1355,1355,1355,1410.400469,,1410.400469
1356,1356,1356,1410.565199,,1410.565199
1357,1357,1357,1410.724473,,1410.724473
1358,1358,1358,1410.878375,,1410.878375
1359,1359,1359,1411.026988,,1411.026988
1360,1360,1360,1411.170399,,1411.170399
1361,1361,1361,1411.308693,,1411.308693
1362,1362,1362,1411.441956,,1411.441956
1363,1363,1363,1411.570275,,1411.570275
1364,1364,1364,1411.693737,,1411.693737
1365,1365,1365,1411.81243,,1411.81243
1366,1366,1366,1411.926442,,1411.926442
1367,1367,1367,1412.035861,,1412.035861
1368,1368,1368,1412.140776,,1412.140776
1369,1369,1369,1412.241277,,1412.241277
1370,1370,1370,1412.337454,,1412.337454
1371,1371,1371,1412.429398,,1412.429398
1372,1372,1372,1412.517199,,1412.517199
1373,1373,1373,1412.600947,,1412.600947
1374,1374,1374,1412.680736,,1412.680736
1375,1375,1375,1412.756657,,1412.756657
1376,1376,1376,1412.828802,,1412.828802
1377,1377,1377,1412.897265,,1412.897265
1378,1378,1378,1412.962137,,1412.962137
1379,1379,1379,1413.023514,,1413.023514
1380,1380,1380,1413.081488,,1413.081488
1381,1381,1381,1413.136154,,1413.136154
1382,1382,1382,1413.187606,,1413.187606
1383,1383,1383,1413.23594,,1413.23594
1384,1384,1384,1413.28125,,1413.28125
1385,1385,1385,1413.323632,,1413.323632
1386,1386,1386,1413.363182,,1413.363182
1387,1387,1387,1413.399995,,1413.399995
1388,1388,1388,1413.434168,,1413.434168
1389,1389,1389,1413.465798,,1413.465798
1390,1390,1390,1413.494982,,1413.494982
1391,1391,1391,1413.521816,,1413.521816
1392,1392,1392,1413.546398,,1413.546398
1393,1393,1393,1413.568825,,1413.568825
1394,1394,1394,1413.589195,,1413.589195
1395,1395,1395,1413.607607,,1413.607607
1396,1396,1396,1413.624157,,1413.624157
1397,1397,1397,1413.638945,,1413.638945
1398,1398,1398,1413.65207,,1413.65207
1399,1399,1399,1413.663629,,1413.663629
1400,1400,1400,1413.673722,,1413.673722
1401,1401,1401,1413.682447,,1413.682447
1402,1402,1402,1413.689905,,1413.689905
1403,1403,1403,1413.696193,,1413.696193
1404,1404,1404,1413.701411,,1413.701411
1405,1405,1405,1413.70566,,1413.70566
1406,1406,1406,1413.709038,,1413.709038
1407,1407,1407,1413.711645,,1413.711645
1408,1408,1408,1413.713581,,1413.713581
1409,1409,1409,1413.714945,,1413.714945
1410,1410,1410,1413.715838,,1413.715838
1411,1411,1411,1413.71636,,1413.71636
1412,1412,1412,1413.71661,,1413.71661
1413,1413,1413,1413.716688,,1413.716688
1414,1414,1414,1413.716694,,1413.716694
1415,1415,1415,1413.716729,,1413.716729
1416,1416,1416,1413.716893,,1413.716893
1417,1417,1417,1413.717284,,1413.717284
1418,1418,1418,1413.718004,,1413.718004
1419,1419,1419,1413.719152,,1413.719152
1420,1420,1420,1413.720828,,1413.720828
1421,1421,1421,1413.723132,,1413.723132
1422,1422,1422,1413.726163,,1413.726163
1423,1423,1423,1413.730022,,1413.730022
1424,1424,1424,1413.734808,,1413.734808
1425,1425,1425,1413.740621,,1413.740621
1426,1426,1426,1413.747559,,1413.747559
1427,1427,1427,1413.755723,,1413.755723
1428,1428,1428,1413.765211,,1413.765211
1429,1429,1429,1413.776122,,1413.776122
1430,1430,1430,1413.788556,,1413.788556
1431,1431,1431,1413.802611,,1413.802611
1432,1432,1432,1413.818386,,1413.818386
1433,1433,1433,1413.835979,,1413.835979
1434,1434,1434,1413.855488,,1413.855488
1435,1435,1435,1413.877012,,1413.877012
1436,1436,1436,1413.900648,,1413.900648
1437,1437,1437,1413.926494,,1413.926494
1438,1438,1438,1413.954647,,1413.954647
1439,1439,1439,1413.985205,,1413.985205
1440,1440,1440,1414.018264,,1414.018264
1441,1441,1441,1414.053922,,1414.053922
1442,1442,1442,1414.092274,,1414.092274
1443,1443,1443,1414.133416,,1414.133416
1444,1444,1444,1414.177446,,1414.177446
1445,1445,1445,1414.224457,,1414.224457
1446,1446,1446,1414.274547,,1414.274547
1447,1447,1447,1414.327808,,1414.327808
1448,1448,1448,1414.384337,,1414.384337
1449,1449,1449,1414.444227,,1414.444227
1450,1450,1450,1414.507573,,1414.507573
1451,1451,1451,1414.574468,,1414.574468
1452,1452,1452,1414.645006,,1414.645006
1453,1453,1453,1414.719279,,1414.719279
1454,1454,1454,1414.79738,,1414.79738
1455,1455,1455,1414.879402,,1414.879402
1456,1456,1456,1414.965435,,1414.965435
1457,1457,1457,1415.055572,,1415.055572
1458,1458,1458,1415.149903,,1415.149903
1459,1459,1459,1415.24852,,1415.24852
1460,1460,1460,1415.351511,,1415.351511
1461,1461,1461,1415.458967,,1415.458967
1462,1462,1462,1415.570977,,1415.570977
1463,1463,1463,1415.68763,,1415.68763
1464,1464,1464,1415.809015,,1415.809015
1465,1465,1465,1415.935218,,1415.935218
1466,1466,1466,1416.066328,,1416.066328
1467,1467,1467,1416.202431,,1416.202431
1468,1468,1468,1416.343614,,1416.343614
1469,1469,1469,1416.489962,,1416.489962
1470,1470,1470,1416.641561,,1416.641561
1471,1471,1471,1416.798497,,1416.798497
1472,1472,1472,1416.960852,,1416.960852
1473,1473,1473,1417.128711,,1417.128711
1474,1474,1474,1417.302157,,1417.302157
1475,1475,1475,1417.481273,,1417.481273
1476,1476,1476,1417.666141,,1417.666141
1477,1477,1477,1417.856842,,1417.856842
1478,1478,1478,1418.053457,,1418.053457
1479,1479,1479,1418.256067,,1418.256067
1480,1480,1480,1418.464752,,1418.464752
1481,1481,1481,1418.67959,,1418.67959
1482,1482,1482,1418.900659,,1418.900659
1483,1483,1483,1419.128039,,1419.128039
1484,1484,1484,1419.361806,,1419.361806
1485,1485,1485,1419.602036,,1419.602036
1486,1486,1486,1419.848807,,1419.848807
1487,1487,1487,1420.102192,,1420.102192
1488,1488,1488,1420.362267,,1420.362267
1489,1489,1489,1420.629106,,1420.629106
1490,1490,1490,1420.902782,,1420.902782
1491,1491,1491,1421.183367,,1421.183367
1492,1492,1492,1421.470935,,1421.470935
1493,1493,1493,1421.765555,,1421.765555
1494,1494,1494,1422.067298,,1422.067298
1495,1495,1495,1422.376235,,1422.376235
1496,1496,1496,1422.692433,,1422.692433
1497,1497,1497,1423.015963,,1423.015963
1498,1498,1498,1423.346891,,1423.346891
1499,1499,1499,1423.685284,,1423.685284
1500,1500,1500,1424.031209,,1424.031209
1501,1501,1501,1424.38473,,1424.38473
1502,1502,1502,1424.745913,,1424.745913
1503,1503,1503,1425.114821,,1425.114821
1504,1504,1504,1425.491518,,1425.491518
1505,1505,1505,1425.876065,,1425.876065
1506,1506,1506,1426.268525,,1426.268525
1507,1507,1507,1426.668958,,1426.668958
1508,1508,1508,1427.077424,,1427.077424
1509,1509,1509,1427.493982,,1427.493982
1510,1510,1510,1427.918691,,1427.918691
1511,1511,1511,1428.351607,,1428.351607
1512,1512,1512,1428.792789,,1428.792789
1513,1513,1513,1429.242291,,1429.242291
1514,1514,1514,1429.700169,,1429.700169
1515,1515,1515,1430.166476,,1430.166476
1516,1516,1516,1430.641267,,1430.641267
1517,1517,1517,1431.124594,,1431.124594
1518,1518,1518,1431.616508,,1431.616508
1519,1519,1519,1432.117061,,1432.117061
1520,1520,1520,1432.626302,,1432.626302
1521,1521,1521,1433.14428,,1433.14428
1522,1522,1522,1433.671043,,1433.671043
1523,1523,1523,1434.20664,,1434.20664
1524,1524,1524,1434.751115,,1434.751115
1525,1525,1525,1435.304516,,1435.304516
1526,1526,1526,1435.866886,,1435.866886
1527,1527,1527,1436.438269,,1436.438269
1528,1528,1528,1437.018708,,1437.018708
1529,1529,1529,1437.608246,,1437.608246
1530,1530,1530,1438.206922,,1438.206922
1531,1531,1531,1438.814778,,1438.814778
1532,1532,1532,1439.431852,,1439.431852
1533,1533,1533,1440.058183,,1440.058183
1534,1534,1534,1440.693807,,1440.693807
1535,1535,1535,1441.338763,,1441.338763
1536,1536,1536,1441.993085,,1441.993085
1537,1537,1537,1442.656807,,1442.656807
1538,1538,1538,1443.329963,,1443.329963
1539,1539,1539,1444.012586,,1444.012586
1540,1540,1540,1444.704708,,1444.704708
1541,1541,1541,1445.40636,,1445.40636
1542,1542,1542,1446.11757,,1446.11757
1543,1543,1543,1446.838369,,1446.838369
1544,1544,1544,1447.568784,,1447.568784
1545,1545,1545,1448.308842,,1448.308842
1546,1546,1546,1449.058569,,1449.058569
1547,1547,1547,1449.81799,,1449.81799
1548,1548,1548,1450.58713,,1450.58713
1549,1549,1549,1451.36601,,1451.36601
1550,1550,1550,1452.154654,,1452.154654
1551,1551,1551,1452.953082,,1452.953082
1552,1552,1552,1453.761315,,1453.761315
1553,1553,1553,1454.579371,,1454.579371
1554,1554,1554,1455.40727,,1455.40727
1555,1555,1555,1456.245028,,1456.245028
1556,1556,1556,1457.092661,,1457.092661
1557,1557,1557,1457.950185,,1457.950185
1558,1558,1558,1458.817613,,1458.817613
1559,1559,1559,1459.69496,,1459.69496
1560,1560,1560,1460.582237,,1460.582237
1561,1561,1561,1461.479456,,1461.479456
1562,1562,1562,1462.386627,,1462.386627
1563,1563,1563,1463.30376,,1463.30376
1564,1564,1564,1464.230861,,1464.230861
1565,1565,1565,1465.16794,,1465.16794
1566,1566,1566,1466.115002,,1466.115002
1567,1567,1567,1467.072052,,1467.072052
1568,1568,1568,1468.039095,,1468.039095
1569,1569,1569,1469.016134,,1469.016134
1570,1570,1570,1470.003171,,1470.003171
1571,1571,1571,1471.000207,,1471.000207
1572,1572,1572,1472.007244,,1472.007244
1573,1573,1573,1473.02428,,1473.02428
1574,1574,1574,1474.051313,,1474.051313
1575,1575,1575,1475.088341,,1475.088341
1576,1576,1576,1476.135361,,1476.135361
1577,1577,1577,1477.192366,,1477.192366
1578,1578,1578,1478.259352,,1478.259352
1579,1579,1579,1479.336313,,1479.336313
1580,1580,1580,1480.423239,,1480.423239
1581,1581,1581,1481.520123,,1481.520123
1582,1582,1582,1482.626955,,1482.626955
1583,1583,1583,1483.743724,,1483.743724
1584,1584,1584,1484.870419,,1484.870419
1585,1585,1585,1486.007027,,1486.007027
1586,1586,1586,1487.153534,,1487.153534
1587,1587,1587,1488.309925,,1488.309925
1588,1588,1588,1489.476186,,1489.476186
1589,1589,1589,1490.652298,,1490.652298
1590,1590,1590,1491.838246,,1491.838246
1591,1591,1591,1493.034009,,1493.034009
1592,1592,1592,1494.239569,,1494.239569
1593,1593,1593,1495.454905,,1495.454905
1594,1594,1594,1496.679995,,1496.679995
1595,1595,1595,1497.914818,,1497.914818
1596,1596,1596,1499.159348,,1499.159348
1597,1597,1597,1500.413563,,1500.413563
1598,1598,1598,1501.677436,,1501.677436
1599,1599,1599,1502.950942,,1502.950942
1600,1600,1600,1504.234052,,1504.234052
1601,1601,1601,1505.526739,,1505.526739
1602,1602,1602,1506.828973,,1506.828973
1603,1603,1603,1508.140724,,1508.140724
1604,1604,1604,1509.461961,,1509.461961
1605,1605,1605,1510.792651,,1510.792651
1606,1606,1606,1512.132763,,1512.132763
1607,1607,1607,1513.482261,,1513.482261
1608,1608,1608,1514.84111,,1514.84111
1609,1609,1609,1516.209276,,1516.209276
1610,1610,1610,1517.58672,,1517.58672
1611,1611,1611,1518.973406,,1518.973406
1612,1612,1612,1520.369294,,1520.369294
1613,1613,1613,1521.774345,,1521.774345
1614,1614,1614,1523.188519,,1523.188519
1615,1615,1615,1524.611774,,1524.611774
1616,1616,1616,1526.044067,,1526.044067
1617,1617,1617,1527.485356,,1527.485356
1618,1618,1618,1528.935597,,1528.935597
1619,1619,1619,1530.394744,,1530.394744
1620,1620,1620,1531.862751,,1531.862751
1621,1621,1621,1533.339572,,1533.339572
1622,1622,1622,1534.825159,,1534.825159
1623,1623,1623,1536.319463,,1536.319463
1624,1624,1624,1537.822435,,1537.822435
1625,1625,1625,1539.334025,,1539.334025
1626,1626,1626,1540.854182,,1540.854182
1627,1627,1627,1542.382853,,1542.382853
1628,1628,1628,1543.919986,,1543.919986
1629,1629,1629,1545.465526,,1545.465526
1630,1630,1630,1547.01942,,1547.01942
1631,1631,1631,1548.581612,,1548.581612
1632,1632,1632,1550.152046,,1550.152046
1633,1633,1633,1551.730664,,1551.730664
1634,1634,1634,1553.31741,,1553.31741
1635,1635,1635,1554.912223,,1554.912223
1636,1636,1636,1556.515045,,1556.515045
1637,1637,1637,1558.125816,,1558.125816
1638,1638,1638,1559.744474,,1559.744474
1639,1639,1639,1561.370958,,1561.370958
1640,1640,1640,1563.005204,,1563.005204
1641,1641,1641,1564.64715,,1564.64715
1642,1642,1642,1566.296731,,1566.296731
1643,1643,1643,1567.953882,,1567.953882
1644,1644,1644,1569.618538,,1569.618538
1645,1645,1645,1571.290632,,1571.290632
1646,1646,1646,1572.970096,,1572.970096
1647,1647,1647,1574.656864,,1574.656864
1648,1648,1648,1576.350866,,1576.350866
1649,1649,1649,1578.052033,,1578.052033
1650,1650,1650,1579.760294,,1579.760294
1651,1651,1651,1581.47558,,1581.47558
1652,1652,1652,1583.197818,,1583.197818
1653,1653,1653,1584.926935,,1584.926935
1654,1654,1654,1586.662861,,1586.662861
1655,1655,1655,1588.40552,,1588.40552
1656,1656,1656,1590.154838,,1590.154838
1657,1657,1657,1591.910741,,1591.910741
1658,1658,1658,1593.673152,,1593.673152
1659,1659,1659,1595.441996,,1595.441996
1660,1660,1660,1597.217196,,1597.217196
1661,1661,1661,1598.998675,,1598.998675
1662,1662,1662,1600.786353,,1600.786353
1663,1663,1663,1602.580153,,1602.580153
1664,1664,1664,1604.379994,,1604.379994
1665,1665,1665,1606.185798,,1606.185798
1666,1666,1666,1607.997483,,1607.997483
1667,1667,1667,1609.814968,,1609.814968
1668,1668,1668,1611.638171,,1611.638171
1669,1669,1669,1613.467011,,1613.467011
1670,1670,1670,1615.301404,,1615.301404
1671,1671,1671,1617.141266,,1617.141266
1672,1672,1672,1618.986515,,1618.986515
1673,1673,1673,1620.837065,,1620.837065
1674,1674,1674,1622.692831,,1622.692831
1675,1675,1675,1624.553728,,1624.553728
1676,1676,1676,1626.419669,,1626.419669
1677,1677,1677,1628.290569,,1628.290569
1678,1678,1678,1630.166339,,1630.166339
1679,1679,1679,1632.046892,,1632.046892
1680,1680,1680,1633.932141,,1633.932141
1681,1681,1681,1635.821997,,1635.821997
1682,1682,1682,1637.71637,,1637.71637
1683,1683,1683,1639.615172,,1639.615172
1684,1684,1684,1641.518312,,1641.518312
1685,1685,1685,1643.4257,,1643.4257
1686,1686,1686,1645.337246,,1645.337246
1687,1687,1687,1647.252858,,1647.252858
1688,1688,1688,1649.172445,,1649.172445
1689,1689,1689,1651.095914,,1651.095914
1690,1690,1690,1653.023174,,1653.023174
1691,1691,1691,1654.954131,,1654.954131
1692,1692,1692,1656.888693,,1656.888693
1693,1693,1693,1658.826766,,1658.826766
1694,1694,1694,1660.768256,,1660.768256
1695,1695,1695,1662.71307,,1662.71307
1696,1696,1696,1664.661112,,1664.661112
1697,1697,1697,1666.612288,,1666.612288
1698,1698,1698,1668.566502,,1668.566502
1699,1699,1699,1670.523661,,1670.523661
1700,1700,1700,1672.483666,,1672.483666
1701,1701,1701,1674.446423,,1674.446423
1702,1702,1702,1676.411836,,1676.411836
1703,1703,1703,1678.379807,,1678.379807
1704,1704,1704,1680.350241,,1680.350241
1705,1705,1705,1682.323039,,1682.323039
1706,1706,1706,1684.298105,,1684.298105
1707,1707,1707,1686.275341,,1686.275341
1708,1708,1708,1688.25465,,1688.25465
1709,1709,1709,1690.235933,,1690.235933
1710,1710,1710,1692.219093,,1692.219093
1711,1711,1711,1694.204031,,1694.204031
1712,1712,1712,1696.190648,,1696.190648
1713,1713,1713,1698.178846,,1698.178846
1714,1714,1714,1700.168526,,1700.168526
1715,1715,1715,1702.15959,,1702.15959
1716,1716,1716,1704.151937,,1704.151937
1717,1717,1717,1706.145469,,1706.145469
1718,1718,1718,1708.140087,,1708.140087
1719,1719,1719,1710.13569,,1710.13569
